<CMsRemoveDireWolf>

	<csv xpath="/entitygroups/entitygroup[@name='EnemyAnimalsSnowNight']/text()" delim="\n" op="remove">
		animalDireWolf, 5
	</csv>

	<csv xpath="/entitygroups/entitygroup[@name='EnemyAnimalsWasteland']/text()" delim="\n" op="remove">
		animalDireWolf, 10
	</csv>

	<csv xpath="/entitygroups/entitygroup[@name='EnemyAnimalsWastelandNight']/text()" delim="\n" op="remove">
		animalDireWolf, 20
	</csv>

	<csv xpath="/entitygroups/entitygroup[@name='ZombiesNight']/text()" delim="\n" op="remove">
		animalDireWolf, .01
	</csv>

	<csv xpath="/entitygroups/entitygroup[@name='ZombiesWastelandDowntown']/text()" delim="\n" op="remove">
		animalDireWolf, .1
	</csv>

	<csv xpath="/entitygroups/entitygroup[@name='ZombiesWastelandNightNoBears']/text()" delim="\n" op="remove">
		animalDireWolf, .1
	</csv>

	<csv xpath="/entitygroups/entitygroup[@name='ZombiesWastelandNight2']/text()" delim="\n" op="remove">
		animalDireWolf, .1
	</csv>

	<csv xpath="/entitygroups/entitygroup[@name='WolfPack']/text()" delim="\n" op="remove">
		animalDireWolf, .5
	</csv>

	<csv xpath="/entitygroups/entitygroup[@name='WolfPack']/text()" delim="\n" op="add">
		zombiePartyGirl, .5
	</csv>

	<csv xpath="/entitygroups/entitygroup[@name='feralHordeStageGS693']/text()" delim="\n" op="remove">
		animalDireWolf, .1
	</csv>

	<csv xpath="/entitygroups/entitygroup[@name='feralHordeStageGS704']/text()" delim="\n" op="remove">
		animalDireWolf, .1
	</csv>

</CMsRemoveDireWolf>